Time [s], x, der(x)
0, 1, -1
0.0005, 0.9995, -0.9995
0.001, 0.999, -0.999
0.0015, 0.998501, -0.998501
0.002, 0.998002, -0.998002
0.0025, 0.997503, -0.997503
0.003, 0.997004, -0.997004
0.0035, 0.996506, -0.996506
0.004, 0.996008, -0.996008
0.0045, 0.99551, -0.99551
0.005, 0.995012, -0.995012
0.0055, 0.994515, -0.994515
0.006, 0.994018, -0.994018
0.0065, 0.993521, -0.993521
0.007, 0.993024, -0.993024
0.0075, 0.992528, -0.992528
0.008, 0.992032, -0.992032
0.0085, 0.991536, -0.991536
0.009, 0.99104, -0.99104
0.0095, 0.990545, -0.990545
0.01, 0.99005, -0.99005
0.0105, 0.989555, -0.989555
0.011, 0.98906, -0.98906
0.0115, 0.988566, -0.988566
0.012, 0.988072, -0.988072
0.0125, 0.987578, -0.987578
0.013, 0.987084, -0.987084
0.0135, 0.986591, -0.986591
0.014, 0.986098, -0.986098
0.0145, 0.985605, -0.985605
0.015, 0.985112, -0.985112
0.0155, 0.98462, -0.98462
0.016, 0.984127, -0.984127
0.0165, 0.983635, -0.983635
0.017, 0.983144, -0.983144
0.0175, 0.982652, -0.982652
0.018, 0.982161, -0.982161
0.0185, 0.98167, -0.98167
0.019, 0.981179, -0.981179
0.0195, 0.980689, -0.980689
0.02, 0.980199, -0.980199
0.0205, 0.979709, -0.979709
0.021, 0.979219, -0.979219
0.0215, 0.978729, -0.978729
0.022, 0.97824, -0.97824
0.0225, 0.977751, -0.977751
0.023, 0.977262, -0.977262
0.0235, 0.976774, -0.976774
0.024, 0.976286, -0.976286
0.0245, 0.975798, -0.975798
0.025, 0.97531, -0.97531
0.0255, 0.974822, -0.974822
0.026, 0.974335, -0.974335
0.0265, 0.973848, -0.973848
0.027, 0.973361, -0.973361
0.0275, 0.972875, -0.972875
0.028, 0.972388, -0.972388
0.0285, 0.971902, -0.971902
0.029, 0.971416, -0.971416
0.0295, 0.970931, -0.970931
0.03, 0.970446, -0.970446
0.0305, 0.96996, -0.96996
0.031, 0.969476, -0.969476
0.0315, 0.968991, -0.968991
0.032, 0.968507, -0.968507
0.0325, 0.968022, -0.968022
0.033, 0.967539, -0.967539
0.0335, 0.967055, -0.967055
0.034, 0.966572, -0.966572
0.0345, 0.966088, -0.966088
0.035, 0.965605, -0.965605
0.0355, 0.965123, -0.965123
0.036, 0.96464, -0.96464
0.0365, 0.964158, -0.964158
0.037, 0.963676, -0.963676
0.0375, 0.963194, -0.963194
0.038, 0.962713, -0.962713
0.0385, 0.962232, -0.962232
0.039, 0.961751, -0.961751
0.0395, 0.96127, -0.96127
0.04, 0.960789, -0.960789
0.0405, 0.960309, -0.960309
0.041, 0.959829, -0.959829
0.0415, 0.959349, -0.959349
0.042, 0.95887, -0.95887
0.0425, 0.95839, -0.95839
0.043, 0.957911, -0.957911
0.0435, 0.957433, -0.957433
0.044, 0.956954, -0.956954
0.0445, 0.956476, -0.956476
0.045, 0.955997, -0.955997
0.0455, 0.95552, -0.95552
0.046, 0.955042, -0.955042
0.0465, 0.954565, -0.954565
0.047, 0.954087, -0.954087
0.0475, 0.95361, -0.95361
0.048, 0.953134, -0.953134
0.0485, 0.952657, -0.952657
0.049, 0.952181, -0.952181
0.0495, 0.951705, -0.951705
0.05, 0.951229, -0.951229
0.0505, 0.950754, -0.950754
0.051, 0.950279, -0.950279
0.0515, 0.949804, -0.949804
0.052, 0.949329, -0.949329
0.0525, 0.948854, -0.948854
0.053, 0.94838, -0.94838
0.0535, 0.947906, -0.947906
0.054, 0.947432, -0.947432
0.0545, 0.946959, -0.946959
0.055, 0.946485, -0.946485
0.0555, 0.946012, -0.946012
0.056, 0.945539, -0.945539
0.0565, 0.945066, -0.945066
0.057, 0.944594, -0.944594
0.0575, 0.944122, -0.944122
0.058, 0.94365, -0.94365
0.0585, 0.943178, -0.943178
0.059, 0.942707, -0.942707
0.0595, 0.942236, -0.942236
0.06, 0.941765, -0.941765
0.0605, 0.941294, -0.941294
0.061, 0.940823, -0.940823
0.0615, 0.940353, -0.940353
0.062, 0.939883, -0.939883
0.0625, 0.939413, -0.939413
0.063, 0.938943, -0.938943
0.0635, 0.938474, -0.938474
0.064, 0.938005, -0.938005
0.0645, 0.937536, -0.937536
0.065, 0.937067, -0.937067
0.0655, 0.936599, -0.936599
0.066, 0.936131, -0.936131
0.0665, 0.935663, -0.935663
0.067, 0.935195, -0.935195
0.0675, 0.934728, -0.934728
0.068, 0.93426, -0.93426
0.0685, 0.933793, -0.933793
0.069, 0.933327, -0.933327
0.0695, 0.93286, -0.93286
0.07, 0.932394, -0.932394
0.0705, 0.931928, -0.931928
0.071, 0.931462, -0.931462
0.0715, 0.930996, -0.930996
0.072, 0.930531, -0.930531
0.0725, 0.930066, -0.930066
0.073, 0.929601, -0.929601
0.0735, 0.929136, -0.929136
0.074, 0.928672, -0.928672
0.0745, 0.928207, -0.928207
0.075, 0.927743, -0.927743
0.0755, 0.92728, -0.92728
0.076, 0.926816, -0.926816
0.0765, 0.926353, -0.926353
0.077, 0.92589, -0.92589
0.0775, 0.925427, -0.925427
0.078, 0.924964, -0.924964
0.0785, 0.924502, -0.924502
0.079, 0.92404, -0.92404
0.0795, 0.923578, -0.923578
0.08, 0.923116, -0.923116
0.0805, 0.922655, -0.922655
0.081, 0.922194, -0.922194
0.0815, 0.921733, -0.921733
0.082, 0.921272, -0.921272
0.0825, 0.920811, -0.920811
0.083, 0.920351, -0.920351
0.0835, 0.919891, -0.919891
0.084, 0.919431, -0.919431
0.0845, 0.918972, -0.918972
0.085, 0.918512, -0.918512
0.0855, 0.918053, -0.918053
0.086, 0.917594, -0.917594
0.0865, 0.917136, -0.917136
0.087, 0.916677, -0.916677
0.0875, 0.916219, -0.916219
0.088, 0.915761, -0.915761
0.0885, 0.915303, -0.915303
0.089, 0.914846, -0.914846
0.0895, 0.914388, -0.914388
0.09, 0.913931, -0.913931
0.0905, 0.913474, -0.913474
0.091, 0.913018, -0.913018
0.0915, 0.912561, -0.912561
0.092, 0.912105, -0.912105
0.0925, 0.911649, -0.911649
0.093, 0.911194, -0.911194
0.0935, 0.910738, -0.910738
0.094, 0.910283, -0.910283
0.0945, 0.909828, -0.909828
0.095, 0.909373, -0.909373
0.0955, 0.908918, -0.908918
0.096, 0.908464, -0.908464
0.0965, 0.90801, -0.90801
0.097, 0.907556, -0.907556
0.0975, 0.907102, -0.907102
0.098, 0.906649, -0.906649
0.0985, 0.906196, -0.906196
0.099, 0.905743, -0.905743
0.0995, 0.90529, -0.90529
0.1, 0.904837, -0.904837
0.1005, 0.904385, -0.904385
0.101, 0.903933, -0.903933
0.1015, 0.903481, -0.903481
0.102, 0.90303, -0.90303
0.1025, 0.902578, -0.902578
0.103, 0.902127, -0.902127
0.1035, 0.901676, -0.901676
0.104, 0.901225, -0.901225
0.1045, 0.900775, -0.900775
0.105, 0.900325, -0.900325
0.1055, 0.899874, -0.899874
0.106, 0.899425, -0.899425
0.1065, 0.898975, -0.898975
0.107, 0.898526, -0.898526
0.1075, 0.898077, -0.898077
0.108, 0.897628, -0.897628
0.1085, 0.897179, -0.897179
0.109, 0.89673, -0.89673
0.1095, 0.896282, -0.896282
0.11, 0.895834, -0.895834
0.1105, 0.895386, -0.895386
0.111, 0.894939, -0.894939
0.1115, 0.894491, -0.894491
0.112, 0.894044, -0.894044
0.1125, 0.893597, -0.893597
0.113, 0.893151, -0.893151
0.1135, 0.892704, -0.892704
0.114, 0.892258, -0.892258
0.1145, 0.891812, -0.891812
0.115, 0.891366, -0.891366
0.1155, 0.890921, -0.890921
0.116, 0.890475, -0.890475
0.1165, 0.89003, -0.89003
0.117, 0.889585, -0.889585
0.1175, 0.889141, -0.889141
0.118, 0.888696, -0.888696
0.1185, 0.888252, -0.888252
0.119, 0.887808, -0.887808
0.1195, 0.887364, -0.887364
0.12, 0.88692, -0.88692
0.1205, 0.886477, -0.886477
0.121, 0.886034, -0.886034
0.1215, 0.885591, -0.885591
0.122, 0.885148, -0.885148
0.1225, 0.884706, -0.884706
0.123, 0.884264, -0.884264
0.1235, 0.883822, -0.883822
0.124, 0.88338, -0.88338
0.1245, 0.882938, -0.882938
0.125, 0.882497, -0.882497
0.1255, 0.882056, -0.882056
0.126, 0.881615, -0.881615
0.1265, 0.881174, -0.881174
0.127, 0.880734, -0.880734
0.1275, 0.880293, -0.880293
0.128, 0.879853, -0.879853
0.1285, 0.879414, -0.879414
0.129, 0.878974, -0.878974
0.1295, 0.878535, -0.878535
0.13, 0.878095, -0.878095
0.1305, 0.877656, -0.877656
0.131, 0.877218, -0.877218
0.1315, 0.876779, -0.876779
0.132, 0.876341, -0.876341
0.1325, 0.875903, -0.875903
0.133, 0.875465, -0.875465
0.1335, 0.875027, -0.875027
0.134, 0.87459, -0.87459
0.1345, 0.874153, -0.874153
0.135, 0.873716, -0.873716
0.1355, 0.873279, -0.873279
0.136, 0.872843, -0.872843
0.1365, 0.872406, -0.872406
0.137, 0.87197, -0.87197
0.1375, 0.871534, -0.871534
0.138, 0.871099, -0.871099
0.1385, 0.870663, -0.870663
0.139, 0.870228, -0.870228
0.1395, 0.869793, -0.869793
0.14, 0.869358, -0.869358
0.1405, 0.868924, -0.868924
0.141, 0.868489, -0.868489
0.1415, 0.868055, -0.868055
0.142, 0.867621, -0.867621
0.1425, 0.867188, -0.867188
0.143, 0.866754, -0.866754
0.1435, 0.866321, -0.866321
0.144, 0.865888, -0.865888
0.1445, 0.865455, -0.865455
0.145, 0.865022, -0.865022
0.1455, 0.86459, -0.86459
0.146, 0.864158, -0.864158
0.1465, 0.863726, -0.863726
0.147, 0.863294, -0.863294
0.1475, 0.862862, -0.862862
0.148, 0.862431, -0.862431
0.1485, 0.862, -0.862
0.149, 0.861569, -0.861569
0.1495, 0.861138, -0.861138
0.15, 0.860708, -0.860708
0.1505, 0.860278, -0.860278
0.151, 0.859848, -0.859848
0.1515, 0.859418, -0.859418
0.152, 0.858988, -0.858988
0.1525, 0.858559, -0.858559
0.153, 0.85813, -0.85813
0.1535, 0.857701, -0.857701
0.154, 0.857272, -0.857272
0.1545, 0.856843, -0.856843
0.155, 0.856415, -0.856415
0.1555, 0.855987, -0.855987
0.156, 0.855559, -0.855559
0.1565, 0.855132, -0.855132
0.157, 0.854704, -0.854704
0.1575, 0.854277, -0.854277
0.158, 0.85385, -0.85385
0.1585, 0.853423, -0.853423
0.159, 0.852996, -0.852996
0.1595, 0.85257, -0.85257
0.16, 0.852144, -0.852144
0.1605, 0.851718, -0.851718
0.161, 0.851292, -0.851292
0.1615, 0.850867, -0.850867
0.162, 0.850441, -0.850441
0.1625, 0.850016, -0.850016
0.163, 0.849591, -0.849591
0.1635, 0.849166, -0.849166
0.164, 0.848742, -0.848742
0.1645, 0.848318, -0.848318
0.165, 0.847894, -0.847894
0.1655, 0.84747, -0.84747
0.166, 0.847046, -0.847046
0.1665, 0.846623, -0.846623
0.167, 0.8462, -0.8462
0.1675, 0.845777, -0.845777
0.168, 0.845354, -0.845354
0.1685, 0.844931, -0.844931
0.169, 0.844509, -0.844509
0.1695, 0.844087, -0.844087
0.17, 0.843665, -0.843665
0.1705, 0.843243, -0.843243
0.171, 0.842822, -0.842822
0.1715, 0.8424, -0.8424
0.172, 0.841979, -0.841979
0.1725, 0.841558, -0.841558
0.173, 0.841138, -0.841138
0.1735, 0.840717, -0.840717
0.174, 0.840297, -0.840297
0.1745, 0.839877, -0.839877
0.175, 0.839457, -0.839457
0.1755, 0.839037, -0.839037
0.176, 0.838618, -0.838618
0.1765, 0.838199, -0.838199
0.177, 0.83778, -0.83778
0.1775, 0.837361, -0.837361
0.178, 0.836942, -0.836942
0.1785, 0.836524, -0.836524
0.179, 0.836106, -0.836106
0.1795, 0.835688, -0.835688
0.18, 0.83527, -0.83527
0.1805, 0.834853, -0.834853
0.181, 0.834435, -0.834435
0.1815, 0.834018, -0.834018
0.182, 0.833601, -0.833601
0.1825, 0.833185, -0.833185
0.183, 0.832768, -0.832768
0.1835, 0.832352, -0.832352
0.184, 0.831936, -0.831936
0.1845, 0.83152, -0.83152
0.185, 0.831104, -0.831104
0.1855, 0.830689, -0.830689
0.186, 0.830274, -0.830274
0.1865, 0.829859, -0.829859
0.187, 0.829444, -0.829444
0.1875, 0.829029, -0.829029
0.188, 0.828615, -0.828615
0.1885, 0.828201, -0.828201
0.189, 0.827787, -0.827787
0.1895, 0.827373, -0.827373
0.19, 0.826959, -0.826959
0.1905, 0.826546, -0.826546
0.191, 0.826133, -0.826133
0.1915, 0.82572, -0.82572
0.192, 0.825307, -0.825307
0.1925, 0.824894, -0.824894
0.193, 0.824482, -0.824482
0.1935, 0.82407, -0.82407
0.194, 0.823658, -0.823658
0.1945, 0.823246, -0.823246
0.195, 0.822835, -0.822835
0.1955, 0.822423, -0.822423
0.196, 0.822012, -0.822012
0.1965, 0.821601, -0.821601
0.197, 0.821191, -0.821191
0.1975, 0.82078, -0.82078
0.198, 0.82037, -0.82037
0.1985, 0.81996, -0.81996
0.199, 0.81955, -0.81955
0.1995, 0.81914, -0.81914
0.2, 0.818731, -0.818731
0.2005, 0.818321, -0.818321
0.201, 0.817912, -0.817912
0.2015, 0.817504, -0.817504
0.202, 0.817095, -0.817095
0.2025, 0.816686, -0.816686
0.203, 0.816278, -0.816278
0.2035, 0.81587, -0.81587
0.204, 0.815462, -0.815462
0.2045, 0.815055, -0.815055
0.205, 0.814647, -0.814647
0.2055, 0.81424, -0.81424
0.206, 0.813833, -0.813833
0.2065, 0.813426, -0.813426
0.207, 0.81302, -0.81302
0.2075, 0.812613, -0.812613
0.208, 0.812207, -0.812207
0.2085, 0.811801, -0.811801
0.209, 0.811395, -0.811395
0.2095, 0.81099, -0.81099
0.21, 0.810584, -0.810584
0.2105, 0.810179, -0.810179
0.211, 0.809774, -0.809774
0.2115, 0.809369, -0.809369
0.212, 0.808965, -0.808965
0.2125, 0.80856, -0.80856
0.213, 0.808156, -0.808156
0.2135, 0.807752, -0.807752
0.214, 0.807348, -0.807348
0.2145, 0.806945, -0.806945
0.215, 0.806541, -0.806541
0.2155, 0.806138, -0.806138
0.216, 0.805735, -0.805735
0.2165, 0.805333, -0.805333
0.217, 0.80493, -0.80493
0.2175, 0.804528, -0.804528
0.218, 0.804125, -0.804125
0.2185, 0.803723, -0.803723
0.219, 0.803322, -0.803322
0.2195, 0.80292, -0.80292
0.22, 0.802519, -0.802519
0.2205, 0.802118, -0.802118
0.221, 0.801717, -0.801717
0.2215, 0.801316, -0.801316
0.222, 0.800915, -0.800915
0.2225, 0.800515, -0.800515
0.223, 0.800115, -0.800115
0.2235, 0.799715, -0.799715
0.224, 0.799315, -0.799315
0.2245, 0.798916, -0.798916
0.225, 0.798516, -0.798516
0.2255, 0.798117, -0.798117
0.226, 0.797718, -0.797718
0.2265, 0.797319, -0.797319
0.227, 0.796921, -0.796921
0.2275, 0.796522, -0.796522
0.228, 0.796124, -0.796124
0.2285, 0.795726, -0.795726
0.229, 0.795329, -0.795329
0.2295, 0.794931, -0.794931
0.23, 0.794534, -0.794534
0.2305, 0.794136, -0.794136
0.231, 0.793739, -0.793739
0.2315, 0.793343, -0.793343
0.232, 0.792946, -0.792946
0.2325, 0.79255, -0.79255
0.233, 0.792154, -0.792154
0.2335, 0.791758, -0.791758
0.234, 0.791362, -0.791362
0.2345, 0.790966, -0.790966
0.235, 0.790571, -0.790571
0.2355, 0.790176, -0.790176
0.236, 0.789781, -0.789781
0.2365, 0.789386, -0.789386
0.237, 0.788991, -0.788991
0.2375, 0.788597, -0.788597
0.238, 0.788203, -0.788203
0.2385, 0.787809, -0.787809
0.239, 0.787415, -0.787415
0.2395, 0.787021, -0.787021
0.24, 0.786628, -0.786628
0.2405, 0.786235, -0.786235
0.241, 0.785842, -0.785842
0.2415, 0.785449, -0.785449
0.242, 0.785056, -0.785056
0.2425, 0.784664, -0.784664
0.243, 0.784272, -0.784272
0.2435, 0.783879, -0.783879
0.244, 0.783488, -0.783488
0.2445, 0.783096, -0.783096
0.245, 0.782705, -0.782705
0.2455, 0.782313, -0.782313
0.246, 0.781922, -0.781922
0.2465, 0.781531, -0.781531
0.247, 0.781141, -0.781141
0.2475, 0.78075, -0.78075
0.248, 0.78036, -0.78036
0.2485, 0.77997, -0.77997
0.249, 0.77958, -0.77958
0.2495, 0.77919, -0.77919
0.25, 0.778801, -0.778801
0.2505, 0.778411, -0.778411
0.251, 0.778022, -0.778022
0.2515, 0.777633, -0.777633
0.252, 0.777245, -0.777245
0.2525, 0.776856, -0.776856
0.253, 0.776468, -0.776468
0.2535, 0.77608, -0.77608
0.254, 0.775692, -0.775692
0.2545, 0.775304, -0.775304
0.255, 0.774916, -0.774916
0.2555, 0.774529, -0.774529
0.256, 0.774142, -0.774142
0.2565, 0.773755, -0.773755
0.257, 0.773368, -0.773368
0.2575, 0.772982, -0.772982
0.258, 0.772595, -0.772595
0.2585, 0.772209, -0.772209
0.259, 0.771823, -0.771823
0.2595, 0.771437, -0.771437
0.26, 0.771052, -0.771052
0.2605, 0.770666, -0.770666
0.261, 0.770281, -0.770281
0.2615, 0.769896, -0.769896
0.262, 0.769511, -0.769511
0.2625, 0.769126, -0.769126
0.263, 0.768742, -0.768742
0.2635, 0.768358, -0.768358
0.264, 0.767974, -0.767974
0.2645, 0.76759, -0.76759
0.265, 0.767206, -0.767206
0.2655, 0.766822, -0.766822
0.266, 0.766439, -0.766439
0.2665, 0.766056, -0.766056
0.267, 0.765673, -0.765673
0.2675, 0.76529, -0.76529
0.268, 0.764908, -0.764908
0.2685, 0.764525, -0.764525
0.269, 0.764143, -0.764143
0.2695, 0.763761, -0.763761
0.27, 0.763379, -0.763379
0.2705, 0.762998, -0.762998
0.271, 0.762616, -0.762616
0.2715, 0.762235, -0.762235
0.272, 0.761854, -0.761854
0.2725, 0.761473, -0.761473
0.273, 0.761093, -0.761093
0.2735, 0.760712, -0.760712
0.274, 0.760332, -0.760332
0.2745, 0.759952, -0.759952
0.275, 0.759572, -0.759572
0.2755, 0.759192, -0.759192
0.276, 0.758813, -0.758813
0.2765, 0.758434, -0.758434
0.277, 0.758054, -0.758054
0.2775, 0.757676, -0.757676
0.278, 0.757297, -0.757297
0.2785, 0.756918, -0.756918
0.279, 0.75654, -0.75654
0.2795, 0.756162, -0.756162
0.28, 0.755784, -0.755784
0.2805, 0.755406, -0.755406
0.281, 0.755028, -0.755028
0.2815, 0.754651, -0.754651
0.282, 0.754274, -0.754274
0.2825, 0.753897, -0.753897
0.283, 0.75352, -0.75352
0.2835, 0.753143, -0.753143
0.284, 0.752767, -0.752767
0.2845, 0.75239, -0.75239
0.285, 0.752014, -0.752014
0.2855, 0.751638, -0.751638
0.286, 0.751263, -0.751263
0.2865, 0.750887, -0.750887
0.287, 0.750512, -0.750512
0.2875, 0.750137, -0.750137
0.288, 0.749762, -0.749762
0.2885, 0.749387, -0.749387
0.289, 0.749012, -0.749012
0.2895, 0.748638, -0.748638
0.29, 0.748264, -0.748264
0.2905, 0.74789, -0.74789
0.291, 0.747516, -0.747516
0.2915, 0.747142, -0.747142
0.292, 0.746769, -0.746769
0.2925, 0.746395, -0.746395
0.293, 0.746022, -0.746022
0.2935, 0.745649, -0.745649
0.294, 0.745276, -0.745276
0.2945, 0.744904, -0.744904
0.295, 0.744532, -0.744532
0.2955, 0.744159, -0.744159
0.296, 0.743787, -0.743787
0.2965, 0.743416, -0.743416
0.297, 0.743044, -0.743044
0.2975, 0.742673, -0.742673
0.298, 0.742301, -0.742301
0.2985, 0.74193, -0.74193
0.299, 0.741559, -0.741559
0.2995, 0.741189, -0.741189
0.3, 0.740818, -0.740818
0.3005, 0.740448, -0.740448
0.301, 0.740078, -0.740078
0.3015, 0.739708, -0.739708
0.302, 0.739338, -0.739338
0.3025, 0.738968, -0.738968
0.303, 0.738599, -0.738599
0.3035, 0.73823, -0.73823
0.304, 0.737861, -0.737861
0.3045, 0.737492, -0.737492
0.305, 0.737123, -0.737123
0.3055, 0.736755, -0.736755
0.306, 0.736387, -0.736387
0.3065, 0.736019, -0.736019
0.307, 0.735651, -0.735651
0.3075, 0.735283, -0.735283
0.308, 0.734915, -0.734915
0.3085, 0.734548, -0.734548
0.309, 0.734181, -0.734181
0.3095, 0.733814, -0.733814
0.31, 0.733447, -0.733447
0.3105, 0.73308, -0.73308
0.311, 0.732714, -0.732714
0.3115, 0.732348, -0.732348
0.312, 0.731982, -0.731982
0.3125, 0.731616, -0.731616
0.313, 0.73125, -0.73125
0.3135, 0.730884, -0.730884
0.314, 0.730519, -0.730519
0.3145, 0.730154, -0.730154
0.315, 0.729789, -0.729789
0.3155, 0.729424, -0.729424
0.316, 0.729059, -0.729059
0.3165, 0.728695, -0.728695
0.317, 0.728331, -0.728331
0.3175, 0.727967, -0.727967
0.318, 0.727603, -0.727603
0.3185, 0.727239, -0.727239
0.319, 0.726876, -0.726876
0.3195, 0.726512, -0.726512
0.32, 0.726149, -0.726149
0.3205, 0.725786, -0.725786
0.321, 0.725423, -0.725423
0.3215, 0.725061, -0.725061
0.322, 0.724698, -0.724698
0.3225, 0.724336, -0.724336
0.323, 0.723974, -0.723974
0.3235, 0.723612, -0.723612
0.324, 0.72325, -0.72325
0.3245, 0.722889, -0.722889
0.325, 0.722527, -0.722527
0.3255, 0.722166, -0.722166
0.326, 0.721805, -0.721805
0.3265, 0.721444, -0.721444
0.327, 0.721084, -0.721084
0.3275, 0.720723, -0.720723
0.328, 0.720363, -0.720363
0.3285, 0.720003, -0.720003
0.329, 0.719643, -0.719643
0.3295, 0.719283, -0.719283
0.33, 0.718924, -0.718924
0.3305, 0.718564, -0.718564
0.331, 0.718205, -0.718205
0.3315, 0.717846, -0.717846
0.332, 0.717487, -0.717487
0.3325, 0.717129, -0.717129
0.333, 0.71677, -0.71677
0.3335, 0.716412, -0.716412
0.334, 0.716054, -0.716054
0.3345, 0.715696, -0.715696
0.335, 0.715338, -0.715338
0.3355, 0.714981, -0.714981
0.336, 0.714623, -0.714623
0.3365, 0.714266, -0.714266
0.337, 0.713909, -0.713909
0.3375, 0.713552, -0.713552
0.338, 0.713195, -0.713195
0.3385, 0.712839, -0.712839
0.339, 0.712482, -0.712482
0.3395, 0.712126, -0.712126
0.34, 0.71177, -0.71177
0.3405, 0.711415, -0.711415
0.341, 0.711059, -0.711059
0.3415, 0.710703, -0.710703
0.342, 0.710348, -0.710348
0.3425, 0.709993, -0.709993
0.343, 0.709638, -0.709638
0.3435, 0.709283, -0.709283
0.344, 0.708929, -0.708929
0.3445, 0.708575, -0.708575
0.345, 0.70822, -0.70822
0.3455, 0.707866, -0.707866
0.346, 0.707512, -0.707512
0.3465, 0.707159, -0.707159
0.347, 0.706805, -0.706805
0.3475, 0.706452, -0.706452
0.348, 0.706099, -0.706099
0.3485, 0.705746, -0.705746
0.349, 0.705393, -0.705393
0.3495, 0.705041, -0.705041
0.35, 0.704688, -0.704688
0.3505, 0.704336, -0.704336
0.351, 0.703984, -0.703984
0.3515, 0.703632, -0.703632
0.352, 0.70328, -0.70328
0.3525, 0.702929, -0.702929
0.353, 0.702577, -0.702577
0.3535, 0.702226, -0.702226
0.354, 0.701875, -0.701875
0.3545, 0.701524, -0.701524
0.355, 0.701173, -0.701173
0.3555, 0.700823, -0.700823
0.356, 0.700473, -0.700473
0.3565, 0.700122, -0.700122
0.357, 0.699772, -0.699772
0.3575, 0.699423, -0.699423
0.358, 0.699073, -0.699073
0.3585, 0.698724, -0.698724
0.359, 0.698374, -0.698374
0.3595, 0.698025, -0.698025
0.36, 0.697676, -0.697676
0.3605, 0.697328, -0.697328
0.361, 0.696979, -0.696979
0.3615, 0.696631, -0.696631
0.362, 0.696282, -0.696282
0.3625, 0.695934, -0.695934
0.363, 0.695586, -0.695586
0.3635, 0.695239, -0.695239
0.364, 0.694891, -0.694891
0.3645, 0.694544, -0.694544
0.365, 0.694197, -0.694197
0.3655, 0.69385, -0.69385
0.366, 0.693503, -0.693503
0.3665, 0.693156, -0.693156
0.367, 0.69281, -0.69281
0.3675, 0.692463, -0.692463
0.368, 0.692117, -0.692117
0.3685, 0.691771, -0.691771
0.369, 0.691425, -0.691425
0.3695, 0.69108, -0.69108
0.37, 0.690734, -0.690734
0.3705, 0.690389, -0.690389
0.371, 0.690044, -0.690044
0.3715, 0.689699, -0.689699
0.372, 0.689354, -0.689354
0.3725, 0.68901, -0.68901
0.373, 0.688665, -0.688665
0.3735, 0.688321, -0.688321
0.374, 0.687977, -0.687977
0.3745, 0.687633, -0.687633
0.375, 0.687289, -0.687289
0.3755, 0.686946, -0.686946
0.376, 0.686602, -0.686602
0.3765, 0.686259, -0.686259
0.377, 0.685916, -0.685916
0.3775, 0.685573, -0.685573
0.378, 0.685231, -0.685231
0.3785, 0.684888, -0.684888
0.379, 0.684546, -0.684546
0.3795, 0.684203, -0.684203
0.38, 0.683861, -0.683861
0.3805, 0.68352, -0.68352
0.381, 0.683178, -0.683178
0.3815, 0.682836, -0.682836
0.382, 0.682495, -0.682495
0.3825, 0.682154, -0.682154
0.383, 0.681813, -0.681813
0.3835, 0.681472, -0.681472
0.384, 0.681131, -0.681131
0.3845, 0.680791, -0.680791
0.385, 0.680451, -0.680451
0.3855, 0.68011, -0.68011
0.386, 0.679771, -0.679771
0.3865, 0.679431, -0.679431
0.387, 0.679091, -0.679091
0.3875, 0.678752, -0.678752
0.388, 0.678412, -0.678412
0.3885, 0.678073, -0.678073
0.389, 0.677734, -0.677734
0.3895, 0.677395, -0.677395
0.39, 0.677057, -0.677057
0.3905, 0.676718, -0.676718
0.391, 0.67638, -0.67638
0.3915, 0.676042, -0.676042
0.392, 0.675704, -0.675704
0.3925, 0.675366, -0.675366
0.393, 0.675029, -0.675029
0.3935, 0.674691, -0.674691
0.394, 0.674354, -0.674354
0.3945, 0.674017, -0.674017
0.395, 0.67368, -0.67368
0.3955, 0.673343, -0.673343
0.396, 0.673007, -0.673007
0.3965, 0.67267, -0.67267
0.397, 0.672334, -0.672334
0.3975, 0.671998, -0.671998
0.398, 0.671662, -0.671662
0.3985, 0.671326, -0.671326
0.399, 0.670991, -0.670991
0.3995, 0.670655, -0.670655
0.4, 0.67032, -0.67032
0.4005, 0.669985, -0.669985
0.401, 0.66965, -0.66965
0.4015, 0.669315, -0.669315
0.402, 0.668981, -0.668981
0.4025, 0.668646, -0.668646
0.403, 0.668312, -0.668312
0.4035, 0.667978, -0.667978
0.404, 0.667644, -0.667644
0.4045, 0.66731, -0.66731
0.405, 0.666977, -0.666977
0.4055, 0.666643, -0.666643
0.406, 0.66631, -0.66631
0.4065, 0.665977, -0.665977
0.407, 0.665644, -0.665644
0.4075, 0.665311, -0.665311
0.408, 0.664979, -0.664979
0.4085, 0.664646, -0.664646
0.409, 0.664314, -0.664314
0.4095, 0.663982, -0.663982
0.41, 0.66365, -0.66365
0.4105, 0.663319, -0.663319
0.411, 0.662987, -0.662987
0.4115, 0.662656, -0.662656
0.412, 0.662324, -0.662324
0.4125, 0.661993, -0.661993
0.413, 0.661662, -0.661662
0.4135, 0.661332, -0.661332
0.414, 0.661001, -0.661001
0.4145, 0.660671, -0.660671
0.415, 0.66034, -0.66034
0.4155, 0.66001, -0.66001
0.416, 0.65968, -0.65968
0.4165, 0.659351, -0.659351
0.417, 0.659021, -0.659021
0.4175, 0.658691, -0.658691
0.418, 0.658362, -0.658362
0.4185, 0.658033, -0.658033
0.419, 0.657704, -0.657704
0.4195, 0.657375, -0.657375
0.42, 0.657047, -0.657047
0.4205, 0.656718, -0.656718
0.421, 0.65639, -0.65639
0.4215, 0.656062, -0.656062
0.422, 0.655734, -0.655734
0.4225, 0.655406, -0.655406
0.423, 0.655079, -0.655079
0.4235, 0.654751, -0.654751
0.424, 0.654424, -0.654424
0.4245, 0.654097, -0.654097
0.425, 0.65377, -0.65377
0.4255, 0.653443, -0.653443
0.426, 0.653116, -0.653116
0.4265, 0.65279, -0.65279
0.427, 0.652464, -0.652464
0.4275, 0.652137, -0.652137
0.428, 0.651811, -0.651811
0.4285, 0.651486, -0.651486
0.429, 0.65116, -0.65116
0.4295, 0.650834, -0.650834
0.43, 0.650509, -0.650509
0.4305, 0.650184, -0.650184
0.431, 0.649859, -0.649859
0.4315, 0.649534, -0.649534
0.432, 0.649209, -0.649209
0.4325, 0.648885, -0.648885
0.433, 0.64856, -0.64856
0.4335, 0.648236, -0.648236
0.434, 0.647912, -0.647912
0.4345, 0.647588, -0.647588
0.435, 0.647265, -0.647265
0.4355, 0.646941, -0.646941
0.436, 0.646618, -0.646618
0.4365, 0.646294, -0.646294
0.437, 0.645971, -0.645971
0.4375, 0.645649, -0.645649
0.438, 0.645326, -0.645326
0.4385, 0.645003, -0.645003
0.439, 0.644681, -0.644681
0.4395, 0.644359, -0.644359
0.44, 0.644036, -0.644036
0.4405, 0.643714, -0.643714
0.441, 0.643393, -0.643393
0.4415, 0.643071, -0.643071
0.442, 0.64275, -0.64275
0.4425, 0.642428, -0.642428
0.443, 0.642107, -0.642107
0.4435, 0.641786, -0.641786
0.444, 0.641465, -0.641465
0.4445, 0.641145, -0.641145
0.445, 0.640824, -0.640824
0.4455, 0.640504, -0.640504
0.446, 0.640184, -0.640184
0.4465, 0.639864, -0.639864
0.447, 0.639544, -0.639544
0.4475, 0.639224, -0.639224
0.448, 0.638905, -0.638905
0.4485, 0.638585, -0.638585
0.449, 0.638266, -0.638266
0.4495, 0.637947, -0.637947
0.45, 0.637628, -0.637628
0.4505, 0.637309, -0.637309
0.451, 0.636991, -0.636991
0.4515, 0.636672, -0.636672
0.452, 0.636354, -0.636354
0.4525, 0.636036, -0.636036
0.453, 0.635718, -0.635718
0.4535, 0.6354, -0.6354
0.454, 0.635083, -0.635083
0.4545, 0.634765, -0.634765
0.455, 0.634448, -0.634448
0.4555, 0.634131, -0.634131
0.456, 0.633814, -0.633814
0.4565, 0.633497, -0.633497
0.457, 0.63318, -0.63318
0.4575, 0.632864, -0.632864
0.458, 0.632547, -0.632547
0.4585, 0.632231, -0.632231
0.459, 0.631915, -0.631915
0.4595, 0.631599, -0.631599
0.46, 0.631284, -0.631284
0.4605, 0.630968, -0.630968
0.461, 0.630653, -0.630653
0.4615, 0.630337, -0.630337
0.462, 0.630022, -0.630022
0.4625, 0.629707, -0.629707
0.463, 0.629393, -0.629393
0.4635, 0.629078, -0.629078
0.464, 0.628764, -0.628764
0.4645, 0.628449, -0.628449
0.465, 0.628135, -0.628135
0.4655, 0.627821, -0.627821
0.466, 0.627507, -0.627507
0.4665, 0.627194, -0.627194
0.467, 0.62688, -0.62688
0.4675, 0.626567, -0.626567
0.468, 0.626254, -0.626254
0.4685, 0.62594, -0.62594
0.469, 0.625628, -0.625628
0.4695, 0.625315, -0.625315
0.47, 0.625002, -0.625002
0.4705, 0.62469, -0.62469
0.471, 0.624378, -0.624378
0.4715, 0.624065, -0.624065
0.472, 0.623754, -0.623754
0.4725, 0.623442, -0.623442
0.473, 0.62313, -0.62313
0.4735, 0.622819, -0.622819
0.474, 0.622507, -0.622507
0.4745, 0.622196, -0.622196
0.475, 0.621885, -0.621885
0.4755, 0.621574, -0.621574
0.476, 0.621263, -0.621263
0.4765, 0.620953, -0.620953
0.477, 0.620643, -0.620643
0.4775, 0.620332, -0.620332
0.478, 0.620022, -0.620022
0.4785, 0.619712, -0.619712
0.479, 0.619402, -0.619402
0.4795, 0.619093, -0.619093
0.48, 0.618783, -0.618783
0.4805, 0.618474, -0.618474
0.481, 0.618165, -0.618165
0.4815, 0.617856, -0.617856
0.482, 0.617547, -0.617547
0.4825, 0.617238, -0.617238
0.483, 0.61693, -0.61693
0.4835, 0.616621, -0.616621
0.484, 0.616313, -0.616313
0.4845, 0.616005, -0.616005
0.485, 0.615697, -0.615697
0.4855, 0.615389, -0.615389
0.486, 0.615082, -0.615082
0.4865, 0.614774, -0.614774
0.487, 0.614467, -0.614467
0.4875, 0.61416, -0.61416
0.488, 0.613853, -0.613853
0.4885, 0.613546, -0.613546
0.489, 0.613239, -0.613239
0.4895, 0.612933, -0.612933
0.49, 0.612626, -0.612626
0.4905, 0.61232, -0.61232
0.491, 0.612014, -0.612014
0.4915, 0.611708, -0.611708
0.492, 0.611402, -0.611402
0.4925, 0.611097, -0.611097
0.493, 0.610791, -0.610791
0.4935, 0.610486, -0.610486
0.494, 0.610181, -0.610181
0.4945, 0.609876, -0.609876
0.495, 0.609571, -0.609571
0.4955, 0.609266, -0.609266
0.496, 0.608962, -0.608962
0.4965, 0.608657, -0.608657
0.497, 0.608353, -0.608353
0.4975, 0.608049, -0.608049
0.498, 0.607745, -0.607745
0.4985, 0.607441, -0.607441
0.499, 0.607137, -0.607137
0.4995, 0.606834, -0.606834
0.5, 0.606531, -0.606531
0.5005, 0.606227, -0.606227
0.501, 0.605924, -0.605924
0.5015, 0.605622, -0.605622
0.502, 0.605319, -0.605319
0.5025, 0.605016, -0.605016
0.503, 0.604714, -0.604714
0.5035, 0.604412, -0.604412
0.504, 0.604109, -0.604109
0.5045, 0.603807, -0.603807
0.505, 0.603506, -0.603506
0.5055, 0.603204, -0.603204
0.506, 0.602902, -0.602902
0.5065, 0.602601, -0.602601
0.507, 0.6023, -0.6023
0.5075, 0.601999, -0.601999
0.508, 0.601698, -0.601698
0.5085, 0.601397, -0.601397
0.509, 0.601096, -0.601096
0.5095, 0.600796, -0.600796
0.51, 0.600496, -0.600496
0.5105, 0.600195, -0.600195
0.511, 0.599895, -0.599895
0.5115, 0.599596, -0.599596
0.512, 0.599296, -0.599296
0.5125, 0.598996, -0.598996
0.513, 0.598697, -0.598697
0.5135, 0.598398, -0.598398
0.514, 0.598098, -0.598098
0.5145, 0.597799, -0.597799
0.515, 0.597501, -0.597501
0.5155, 0.597202, -0.597202
0.516, 0.596903, -0.596903
0.5165, 0.596605, -0.596605
0.517, 0.596307, -0.596307
0.5175, 0.596009, -0.596009
0.518, 0.595711, -0.595711
0.5185, 0.595413, -0.595413
0.519, 0.595115, -0.595115
0.5195, 0.594818, -0.594818
0.52, 0.594521, -0.594521
0.5205, 0.594223, -0.594223
0.521, 0.593926, -0.593926
0.5215, 0.593629, -0.593629
0.522, 0.593333, -0.593333
0.5225, 0.593036, -0.593036
0.523, 0.59274, -0.59274
0.5235, 0.592443, -0.592443
0.524, 0.592147, -0.592147
0.5245, 0.591851, -0.591851
0.525, 0.591555, -0.591555
0.5255, 0.59126, -0.59126
0.526, 0.590964, -0.590964
0.5265, 0.590669, -0.590669
0.527, 0.590373, -0.590373
0.5275, 0.590078, -0.590078
0.528, 0.589783, -0.589783
0.5285, 0.589489, -0.589489
0.529, 0.589194, -0.589194
0.5295, 0.588899, -0.588899
0.53, 0.588605, -0.588605
0.5305, 0.588311, -0.588311
0.531, 0.588017, -0.588017
0.5315, 0.587723, -0.587723
0.532, 0.587429, -0.587429
0.5325, 0.587135, -0.587135
0.533, 0.586842, -0.586842
0.5335, 0.586548, -0.586548
0.534, 0.586255, -0.586255
0.5345, 0.585962, -0.585962
0.535, 0.585669, -0.585669
0.5355, 0.585377, -0.585377
0.536, 0.585084, -0.585084
0.5365, 0.584791, -0.584791
0.537, 0.584499, -0.584499
0.5375, 0.584207, -0.584207
0.538, 0.583915, -0.583915
0.5385, 0.583623, -0.583623
0.539, 0.583331, -0.583331
0.5395, 0.58304, -0.58304
0.54, 0.582748, -0.582748
0.5405, 0.582457, -0.582457
0.541, 0.582166, -0.582166
0.5415, 0.581875, -0.581875
0.542, 0.581584, -0.581584
0.5425, 0.581293, -0.581293
0.543, 0.581003, -0.581003
0.5435, 0.580712, -0.580712
0.544, 0.580422, -0.580422
0.5445, 0.580132, -0.580132
0.545, 0.579842, -0.579842
0.5455, 0.579552, -0.579552
0.546, 0.579262, -0.579262
0.5465, 0.578973, -0.578973
0.547, 0.578683, -0.578683
0.5475, 0.578394, -0.578394
0.548, 0.578105, -0.578105
0.5485, 0.577816, -0.577816
0.549, 0.577527, -0.577527
0.5495, 0.577238, -0.577238
0.55, 0.57695, -0.57695
0.5505, 0.576661, -0.576661
0.551, 0.576373, -0.576373
0.5515, 0.576085, -0.576085
0.552, 0.575797, -0.575797
0.5525, 0.575509, -0.575509
0.553, 0.575222, -0.575222
0.5535, 0.574934, -0.574934
0.554, 0.574647, -0.574647
0.5545, 0.574359, -0.574359
0.555, 0.574072, -0.574072
0.5555, 0.573785, -0.573785
0.556, 0.573498, -0.573498
0.5565, 0.573212, -0.573212
0.557, 0.572925, -0.572925
0.5575, 0.572639, -0.572639
0.558, 0.572353, -0.572353
0.5585, 0.572067, -0.572067
0.559, 0.571781, -0.571781
0.5595, 0.571495, -0.571495
0.56, 0.571209, -0.571209
0.5605, 0.570924, -0.570924
0.561, 0.570638, -0.570638
0.5615, 0.570353, -0.570353
0.562, 0.570068, -0.570068
0.5625, 0.569783, -0.569783
0.563, 0.569498, -0.569498
0.5635, 0.569213, -0.569213
0.564, 0.568929, -0.568929
0.5645, 0.568644, -0.568644
0.565, 0.56836, -0.56836
0.5655, 0.568076, -0.568076
0.566, 0.567792, -0.567792
0.5665, 0.567508, -0.567508
0.567, 0.567225, -0.567225
0.5675, 0.566941, -0.566941
0.568, 0.566658, -0.566658
0.5685, 0.566374, -0.566374
0.569, 0.566091, -0.566091
0.5695, 0.565808, -0.565808
0.57, 0.565525, -0.565525
0.5705, 0.565243, -0.565243
0.571, 0.56496, -0.56496
0.5715, 0.564678, -0.564678
0.572, 0.564396, -0.564396
0.5725, 0.564113, -0.564113
0.573, 0.563831, -0.563831
0.5735, 0.56355, -0.56355
0.574, 0.563268, -0.563268
0.5745, 0.562986, -0.562986
0.575, 0.562705, -0.562705
0.5755, 0.562424, -0.562424
0.576, 0.562142, -0.562142
0.5765, 0.561861, -0.561861
0.577, 0.561581, -0.561581
0.5775, 0.5613, -0.5613
0.578, 0.561019, -0.561019
0.5785, 0.560739, -0.560739
0.579, 0.560459, -0.560459
0.5795, 0.560178, -0.560178
0.58, 0.559898, -0.559898
0.5805, 0.559618, -0.559618
0.581, 0.559339, -0.559339
0.5815, 0.559059, -0.559059
0.582, 0.55878, -0.55878
0.5825, 0.5585, -0.5585
0.583, 0.558221, -0.558221
0.5835, 0.557942, -0.557942
0.584, 0.557663, -0.557663
0.5845, 0.557384, -0.557384
0.585, 0.557106, -0.557106
0.5855, 0.556827, -0.556827
0.586, 0.556549, -0.556549
0.5865, 0.556271, -0.556271
0.587, 0.555993, -0.555993
0.5875, 0.555715, -0.555715
0.588, 0.555437, -0.555437
0.5885, 0.555159, -0.555159
0.589, 0.554882, -0.554882
0.5895, 0.554605, -0.554605
0.59, 0.554327, -0.554327
0.5905, 0.55405, -0.55405
0.591, 0.553773, -0.553773
0.5915, 0.553496, -0.553496
0.592, 0.55322, -0.55322
0.5925, 0.552943, -0.552943
0.593, 0.552667, -0.552667
0.5935, 0.552391, -0.552391
0.594, 0.552114, -0.552114
0.5945, 0.551838, -0.551838
0.595, 0.551563, -0.551563
0.5955, 0.551287, -0.551287
0.596, 0.551011, -0.551011
0.5965, 0.550736, -0.550736
0.597, 0.550461, -0.550461
0.5975, 0.550185, -0.550185
0.598, 0.54991, -0.54991
0.5985, 0.549635, -0.549635
0.599, 0.549361, -0.549361
0.5995, 0.549086, -0.549086
0.6, 0.548812, -0.548812
0.6005, 0.548537, -0.548537
0.601, 0.548263, -0.548263
0.6015, 0.547989, -0.547989
0.602, 0.547715, -0.547715
0.6025, 0.547441, -0.547441
0.603, 0.547168, -0.547168
0.6035, 0.546894, -0.546894
0.604, 0.546621, -0.546621
0.6045, 0.546348, -0.546348
0.605, 0.546074, -0.546074
0.6055, 0.545801, -0.545801
0.606, 0.545529, -0.545529
0.6065, 0.545256, -0.545256
0.607, 0.544983, -0.544983
0.6075, 0.544711, -0.544711
0.608, 0.544439, -0.544439
0.6085, 0.544167, -0.544167
0.609, 0.543894, -0.543894
0.6095, 0.543623, -0.543623
0.61, 0.543351, -0.543351
0.6105, 0.543079, -0.543079
0.611, 0.542808, -0.542808
0.6115, 0.542536, -0.542536
0.612, 0.542265, -0.542265
0.6125, 0.541994, -0.541994
0.613, 0.541723, -0.541723
0.6135, 0.541452, -0.541452
0.614, 0.541182, -0.541182
0.6145, 0.540911, -0.540911
0.615, 0.540641, -0.540641
0.6155, 0.540371, -0.540371
0.616, 0.540101, -0.540101
0.6165, 0.539831, -0.539831
0.617, 0.539561, -0.539561
0.6175, 0.539291, -0.539291
0.618, 0.539021, -0.539021
0.6185, 0.538752, -0.538752
0.619, 0.538483, -0.538483
0.6195, 0.538213, -0.538213
0.62, 0.537944, -0.537944
0.6205, 0.537676, -0.537676
0.621, 0.537407, -0.537407
0.6215, 0.537138, -0.537138
0.622, 0.53687, -0.53687
0.6225, 0.536601, -0.536601
0.623, 0.536333, -0.536333
0.6235, 0.536065, -0.536065
0.624, 0.535797, -0.535797
0.6245, 0.535529, -0.535529
0.625, 0.535261, -0.535261
0.6255, 0.534994, -0.534994
0.626, 0.534726, -0.534726
0.6265, 0.534459, -0.534459
0.627, 0.534192, -0.534192
0.6275, 0.533925, -0.533925
0.628, 0.533658, -0.533658
0.6285, 0.533391, -0.533391
0.629, 0.533125, -0.533125
0.6295, 0.532858, -0.532858
0.63, 0.532592, -0.532592
0.6305, 0.532326, -0.532326
0.631, 0.532059, -0.532059
0.6315, 0.531794, -0.531794
0.632, 0.531528, -0.531528
0.6325, 0.531262, -0.531262
0.633, 0.530996, -0.530996
0.6335, 0.530731, -0.530731
0.634, 0.530466, -0.530466
0.6345, 0.530201, -0.530201
0.635, 0.529935, -0.529935
0.6355, 0.529671, -0.529671
0.636, 0.529406, -0.529406
0.6365, 0.529141, -0.529141
0.637, 0.528877, -0.528877
0.6375, 0.528612, -0.528612
0.638, 0.528348, -0.528348
0.6385, 0.528084, -0.528084
0.639, 0.52782, -0.52782
0.6395, 0.527556, -0.527556
0.64, 0.527292, -0.527292
0.6405, 0.527029, -0.527029
0.641, 0.526765, -0.526765
0.6415, 0.526502, -0.526502
0.642, 0.526239, -0.526239
0.6425, 0.525976, -0.525976
0.643, 0.525713, -0.525713
0.6435, 0.52545, -0.52545
0.644, 0.525187, -0.525187
0.6445, 0.524925, -0.524925
0.645, 0.524663, -0.524663
0.6455, 0.5244, -0.5244
0.646, 0.524138, -0.524138
0.6465, 0.523876, -0.523876
0.647, 0.523614, -0.523614
0.6475, 0.523353, -0.523353
0.648, 0.523091, -0.523091
0.6485, 0.522829, -0.522829
0.649, 0.522568, -0.522568
0.6495, 0.522307, -0.522307
0.65, 0.522046, -0.522046
0.6505, 0.521785, -0.521785
0.651, 0.521524, -0.521524
0.6515, 0.521263, -0.521263
0.652, 0.521003, -0.521003
0.6525, 0.520742, -0.520742
0.653, 0.520482, -0.520482
0.6535, 0.520222, -0.520222
0.654, 0.519962, -0.519962
0.6545, 0.519702, -0.519702
0.655, 0.519442, -0.519442
0.6555, 0.519182, -0.519182
0.656, 0.518923, -0.518923
0.6565, 0.518663, -0.518663
0.657, 0.518404, -0.518404
0.6575, 0.518145, -0.518145
0.658, 0.517886, -0.517886
0.6585, 0.517627, -0.517627
0.659, 0.517368, -0.517368
0.6595, 0.51711, -0.51711
0.66, 0.516851, -0.516851
0.6605, 0.516593, -0.516593
0.661, 0.516335, -0.516335
0.6615, 0.516077, -0.516077
0.662, 0.515819, -0.515819
0.6625, 0.515561, -0.515561
0.663, 0.515303, -0.515303
0.6635, 0.515046, -0.515046
0.664, 0.514788, -0.514788
0.6645, 0.514531, -0.514531
0.665, 0.514274, -0.514274
0.6655, 0.514016, -0.514016
0.666, 0.51376, -0.51376
0.6665, 0.513503, -0.513503
0.667, 0.513246, -0.513246
0.6675, 0.512989, -0.512989
0.668, 0.512733, -0.512733
0.6685, 0.512477, -0.512477
0.669, 0.512221, -0.512221
0.6695, 0.511964, -0.511964
0.67, 0.511709, -0.511709
0.6705, 0.511453, -0.511453
0.671, 0.511197, -0.511197
0.6715, 0.510942, -0.510942
0.672, 0.510686, -0.510686
0.6725, 0.510431, -0.510431
0.673, 0.510176, -0.510176
0.6735, 0.509921, -0.509921
0.674, 0.509666, -0.509666
0.6745, 0.509411, -0.509411
0.675, 0.509156, -0.509156
0.6755, 0.508902, -0.508902
0.676, 0.508648, -0.508648
0.6765, 0.508393, -0.508393
0.677, 0.508139, -0.508139
0.6775, 0.507885, -0.507885
0.678, 0.507631, -0.507631
0.6785, 0.507377, -0.507377
0.679, 0.507124, -0.507124
0.6795, 0.50687, -0.50687
0.68, 0.506617, -0.506617
0.6805, 0.506364, -0.506364
0.681, 0.506111, -0.506111
0.6815, 0.505858, -0.505858
0.682, 0.505605, -0.505605
0.6825, 0.505352, -0.505352
0.683, 0.505099, -0.505099
0.6835, 0.504847, -0.504847
0.684, 0.504595, -0.504595
0.6845, 0.504342, -0.504342
0.685, 0.50409, -0.50409
0.6855, 0.503838, -0.503838
0.686, 0.503586, -0.503586
0.6865, 0.503335, -0.503335
0.687, 0.503083, -0.503083
0.6875, 0.502832, -0.502832
0.688, 0.50258, -0.50258
0.6885, 0.502329, -0.502329
0.689, 0.502078, -0.502078
0.6895, 0.501827, -0.501827
0.69, 0.501576, -0.501576
0.6905, 0.501325, -0.501325
0.691, 0.501075, -0.501075
0.6915, 0.500824, -0.500824
0.692, 0.500574, -0.500574
0.6925, 0.500324, -0.500324
0.693, 0.500074, -0.500074
0.6935, 0.499824, -0.499824
0.694, 0.499574, -0.499574
0.6945, 0.499324, -0.499324
0.695, 0.499074, -0.499074
0.6955, 0.498825, -0.498825
0.696, 0.498576, -0.498576
0.6965, 0.498326, -0.498326
0.697, 0.498077, -0.498077
0.6975, 0.497828, -0.497828
0.698, 0.497579, -0.497579
0.6985, 0.497331, -0.497331
0.699, 0.497082, -0.497082
0.6995, 0.496834, -0.496834
0.7, 0.496585, -0.496585
0.7005, 0.496337, -0.496337
0.701, 0.496089, -0.496089
0.7015, 0.495841, -0.495841
0.702, 0.495593, -0.495593
0.7025, 0.495345, -0.495345
0.703, 0.495098, -0.495098
0.7035, 0.49485, -0.49485
0.704, 0.494603, -0.494603
0.7045, 0.494356, -0.494356
0.705, 0.494109, -0.494109
0.7055, 0.493862, -0.493862
0.706, 0.493615, -0.493615
0.7065, 0.493368, -0.493368
0.707, 0.493121, -0.493121
0.7075, 0.492875, -0.492875
0.708, 0.492628, -0.492628
0.7085, 0.492382, -0.492382
0.709, 0.492136, -0.492136
0.7095, 0.49189, -0.49189
0.71, 0.491644, -0.491644
0.7105, 0.491398, -0.491398
0.711, 0.491153, -0.491153
0.7115, 0.490907, -0.490907
0.712, 0.490662, -0.490662
0.7125, 0.490417, -0.490417
0.713, 0.490171, -0.490171
0.7135, 0.489926, -0.489926
0.714, 0.489682, -0.489682
0.7145, 0.489437, -0.489437
0.715, 0.489192, -0.489192
0.7155, 0.488948, -0.488948
0.716, 0.488703, -0.488703
0.7165, 0.488459, -0.488459
0.717, 0.488215, -0.488215
0.7175, 0.487971, -0.487971
0.718, 0.487727, -0.487727
0.7185, 0.487483, -0.487483
0.719, 0.487239, -0.487239
0.7195, 0.486996, -0.486996
0.72, 0.486752, -0.486752
0.7205, 0.486509, -0.486509
0.721, 0.486266, -0.486266
0.7215, 0.486023, -0.486023
0.722, 0.48578, -0.48578
0.7225, 0.485537, -0.485537
0.723, 0.485294, -0.485294
0.7235, 0.485052, -0.485052
0.724, 0.484809, -0.484809
0.7245, 0.484567, -0.484567
0.725, 0.484325, -0.484325
0.7255, 0.484082, -0.484082
0.726, 0.48384, -0.48384
0.7265, 0.483599, -0.483599
0.727, 0.483357, -0.483357
0.7275, 0.483115, -0.483115
0.728, 0.482874, -0.482874
0.7285, 0.482632, -0.482632
0.729, 0.482391, -0.482391
0.7295, 0.48215, -0.48215
0.73, 0.481909, -0.481909
0.7305, 0.481668, -0.481668
0.731, 0.481427, -0.481427
0.7315, 0.481187, -0.481187
0.732, 0.480946, -0.480946
0.7325, 0.480706, -0.480706
0.733, 0.480465, -0.480465
0.7335, 0.480225, -0.480225
0.734, 0.479985, -0.479985
0.7345, 0.479745, -0.479745
0.735, 0.479505, -0.479505
0.7355, 0.479266, -0.479266
0.736, 0.479026, -0.479026
0.7365, 0.478787, -0.478787
0.737, 0.478547, -0.478547
0.7375, 0.478308, -0.478308
0.738, 0.478069, -0.478069
0.7385, 0.47783, -0.47783
0.739, 0.477591, -0.477591
0.7395, 0.477353, -0.477353
0.74, 0.477114, -0.477114
0.7405, 0.476875, -0.476875
0.741, 0.476637, -0.476637
0.7415, 0.476399, -0.476399
0.742, 0.476161, -0.476161
0.7425, 0.475923, -0.475923
0.743, 0.475685, -0.475685
0.7435, 0.475447, -0.475447
0.744, 0.475209, -0.475209
0.7445, 0.474972, -0.474972
0.745, 0.474734, -0.474734
0.7455, 0.474497, -0.474497
0.746, 0.47426, -0.47426
0.7465, 0.474023, -0.474023
0.747, 0.473786, -0.473786
0.7475, 0.473549, -0.473549
0.748, 0.473312, -0.473312
0.7485, 0.473076, -0.473076
0.749, 0.472839, -0.472839
0.7495, 0.472603, -0.472603
0.75, 0.472367, -0.472367
0.7505, 0.47213, -0.47213
0.751, 0.471894, -0.471894
0.7515, 0.471659, -0.471659
0.752, 0.471423, -0.471423
0.7525, 0.471187, -0.471187
0.753, 0.470952, -0.470952
0.7535, 0.470716, -0.470716
0.754, 0.470481, -0.470481
0.7545, 0.470246, -0.470246
0.755, 0.470011, -0.470011
0.7555, 0.469776, -0.469776
0.756, 0.469541, -0.469541
0.7565, 0.469306, -0.469306
0.757, 0.469072, -0.469072
0.7575, 0.468837, -0.468837
0.758, 0.468603, -0.468603
0.7585, 0.468368, -0.468368
0.759, 0.468134, -0.468134
0.7595, 0.4679, -0.4679
0.76, 0.467666, -0.467666
0.7605, 0.467433, -0.467433
0.761, 0.467199, -0.467199
0.7615, 0.466965, -0.466965
0.762, 0.466732, -0.466732
0.7625, 0.466499, -0.466499
0.763, 0.466266, -0.466266
0.7635, 0.466032, -0.466032
0.764, 0.465799, -0.465799
0.7645, 0.465567, -0.465567
0.765, 0.465334, -0.465334
0.7655, 0.465101, -0.465101
0.766, 0.464869, -0.464869
0.7665, 0.464636, -0.464636
0.767, 0.464404, -0.464404
0.7675, 0.464172, -0.464172
0.768, 0.46394, -0.46394
0.7685, 0.463708, -0.463708
0.769, 0.463476, -0.463476
0.7695, 0.463245, -0.463245
0.77, 0.463013, -0.463013
0.7705, 0.462782, -0.462782
0.771, 0.46255, -0.46255
0.7715, 0.462319, -0.462319
0.772, 0.462088, -0.462088
0.7725, 0.461857, -0.461857
0.773, 0.461626, -0.461626
0.7735, 0.461395, -0.461395
0.774, 0.461165, -0.461165
0.7745, 0.460934, -0.460934
0.775, 0.460704, -0.460704
0.7755, 0.460473, -0.460473
0.776, 0.460243, -0.460243
0.7765, 0.460013, -0.460013
0.777, 0.459783, -0.459783
0.7775, 0.459553, -0.459553
0.778, 0.459324, -0.459324
0.7785, 0.459094, -0.459094
0.779, 0.458865, -0.458865
0.7795, 0.458635, -0.458635
0.78, 0.458406, -0.458406
0.7805, 0.458177, -0.458177
0.781, 0.457948, -0.457948
0.7815, 0.457719, -0.457719
0.782, 0.45749, -0.45749
0.7825, 0.457261, -0.457261
0.783, 0.457033, -0.457033
0.7835, 0.456804, -0.456804
0.784, 0.456576, -0.456576
0.7845, 0.456348, -0.456348
0.785, 0.45612, -0.45612
0.7855, 0.455892, -0.455892
0.786, 0.455664, -0.455664
0.7865, 0.455436, -0.455436
0.787, 0.455208, -0.455208
0.7875, 0.454981, -0.454981
0.788, 0.454753, -0.454753
0.7885, 0.454526, -0.454526
0.789, 0.454299, -0.454299
0.7895, 0.454072, -0.454072
0.79, 0.453845, -0.453845
0.7905, 0.453618, -0.453618
0.791, 0.453391, -0.453391
0.7915, 0.453165, -0.453165
0.792, 0.452938, -0.452938
0.7925, 0.452712, -0.452712
0.793, 0.452485, -0.452485
0.7935, 0.452259, -0.452259
0.794, 0.452033, -0.452033
0.7945, 0.451807, -0.451807
0.795, 0.451581, -0.451581
0.7955, 0.451356, -0.451356
0.796, 0.45113, -0.45113
0.7965, 0.450904, -0.450904
0.797, 0.450679, -0.450679
0.7975, 0.450454, -0.450454
0.798, 0.450229, -0.450229
0.7985, 0.450003, -0.450003
0.799, 0.449779, -0.449779
0.7995, 0.449554, -0.449554
0.8, 0.449329, -0.449329
0.8005, 0.449104, -0.449104
0.801, 0.44888, -0.44888
0.8015, 0.448655, -0.448655
0.802, 0.448431, -0.448431
0.8025, 0.448207, -0.448207
0.803, 0.447983, -0.447983
0.8035, 0.447759, -0.447759
0.804, 0.447535, -0.447535
0.8045, 0.447312, -0.447312
0.805, 0.447088, -0.447088
0.8055, 0.446864, -0.446864
0.806, 0.446641, -0.446641
0.8065, 0.446418, -0.446418
0.807, 0.446195, -0.446195
0.8075, 0.445972, -0.445972
0.808, 0.445749, -0.445749
0.8085, 0.445526, -0.445526
0.809, 0.445303, -0.445303
0.8095, 0.445081, -0.445081
0.81, 0.444858, -0.444858
0.8105, 0.444636, -0.444636
0.811, 0.444413, -0.444413
0.8115, 0.444191, -0.444191
0.812, 0.443969, -0.443969
0.8125, 0.443747, -0.443747
0.813, 0.443525, -0.443525
0.8135, 0.443304, -0.443304
0.814, 0.443082, -0.443082
0.8145, 0.442861, -0.442861
0.815, 0.442639, -0.442639
0.8155, 0.442418, -0.442418
0.816, 0.442197, -0.442197
0.8165, 0.441976, -0.441976
0.817, 0.441755, -0.441755
0.8175, 0.441534, -0.441534
0.818, 0.441313, -0.441313
0.8185, 0.441093, -0.441093
0.819, 0.440872, -0.440872
0.8195, 0.440652, -0.440652
0.82, 0.440432, -0.440432
0.8205, 0.440211, -0.440211
0.821, 0.439991, -0.439991
0.8215, 0.439772, -0.439772
0.822, 0.439552, -0.439552
0.8225, 0.439332, -0.439332
0.823, 0.439112, -0.439112
0.8235, 0.438893, -0.438893
0.824, 0.438673, -0.438673
0.8245, 0.438454, -0.438454
0.825, 0.438235, -0.438235
0.8255, 0.438016, -0.438016
0.826, 0.437797, -0.437797
0.8265, 0.437578, -0.437578
0.827, 0.437359, -0.437359
0.8275, 0.437141, -0.437141
0.828, 0.436922, -0.436922
0.8285, 0.436704, -0.436704
0.829, 0.436486, -0.436486
0.8295, 0.436267, -0.436267
0.83, 0.436049, -0.436049
0.8305, 0.435831, -0.435831
0.831, 0.435613, -0.435613
0.8315, 0.435396, -0.435396
0.832, 0.435178, -0.435178
0.8325, 0.434961, -0.434961
0.833, 0.434743, -0.434743
0.8335, 0.434526, -0.434526
0.834, 0.434309, -0.434309
0.8345, 0.434091, -0.434091
0.835, 0.433874, -0.433874
0.8355, 0.433658, -0.433658
0.836, 0.433441, -0.433441
0.8365, 0.433224, -0.433224
0.837, 0.433008, -0.433008
0.8375, 0.432791, -0.432791
0.838, 0.432575, -0.432575
0.8385, 0.432359, -0.432359
0.839, 0.432142, -0.432142
0.8395, 0.431926, -0.431926
0.84, 0.431711, -0.431711
0.8405, 0.431495, -0.431495
0.841, 0.431279, -0.431279
0.8415, 0.431063, -0.431063
0.842, 0.430848, -0.430848
0.8425, 0.430633, -0.430633
0.843, 0.430417, -0.430417
0.8435, 0.430202, -0.430202
0.844, 0.429987, -0.429987
0.8445, 0.429772, -0.429772
0.845, 0.429557, -0.429557
0.8455, 0.429343, -0.429343
0.846, 0.429128, -0.429128
0.8465, 0.428914, -0.428914
0.847, 0.428699, -0.428699
0.8475, 0.428485, -0.428485
0.848, 0.428271, -0.428271
0.8485, 0.428057, -0.428057
0.849, 0.427843, -0.427843
0.8495, 0.427629, -0.427629
0.85, 0.427415, -0.427415
0.8505, 0.427201, -0.427201
0.851, 0.426988, -0.426988
0.8515, 0.426774, -0.426774
0.852, 0.426561, -0.426561
0.8525, 0.426348, -0.426348
0.853, 0.426135, -0.426135
0.8535, 0.425922, -0.425922
0.854, 0.425709, -0.425709
0.8545, 0.425496, -0.425496
0.855, 0.425283, -0.425283
0.8555, 0.425071, -0.425071
0.856, 0.424858, -0.424858
0.8565, 0.424646, -0.424646
0.857, 0.424433, -0.424433
0.8575, 0.424221, -0.424221
0.858, 0.424009, -0.424009
0.8585, 0.423797, -0.423797
0.859, 0.423585, -0.423585
0.8595, 0.423374, -0.423374
0.86, 0.423162, -0.423162
0.8605, 0.422951, -0.422951
0.861, 0.422739, -0.422739
0.8615, 0.422528, -0.422528
0.862, 0.422317, -0.422317
0.8625, 0.422105, -0.422105
0.863, 0.421894, -0.421894
0.8635, 0.421684, -0.421684
0.864, 0.421473, -0.421473
0.8645, 0.421262, -0.421262
0.865, 0.421052, -0.421052
0.8655, 0.420841, -0.420841
0.866, 0.420631, -0.420631
0.8665, 0.42042, -0.42042
0.867, 0.42021, -0.42021
0.8675, 0.42, -0.42
0.868, 0.41979, -0.41979
0.8685, 0.41958, -0.41958
0.869, 0.419371, -0.419371
0.8695, 0.419161, -0.419161
0.87, 0.418952, -0.418952
0.8705, 0.418742, -0.418742
0.871, 0.418533, -0.418533
0.8715, 0.418324, -0.418324
0.872, 0.418114, -0.418114
0.8725, 0.417905, -0.417905
0.873, 0.417697, -0.417697
0.8735, 0.417488, -0.417488
0.874, 0.417279, -0.417279
0.8745, 0.417071, -0.417071
0.875, 0.416862, -0.416862
0.8755, 0.416654, -0.416654
0.876, 0.416445, -0.416445
0.8765, 0.416237, -0.416237
0.877, 0.416029, -0.416029
0.8775, 0.415821, -0.415821
0.878, 0.415613, -0.415613
0.8785, 0.415406, -0.415406
0.879, 0.415198, -0.415198
0.8795, 0.41499, -0.41499
0.88, 0.414783, -0.414783
0.8805, 0.414576, -0.414576
0.881, 0.414368, -0.414368
0.8815, 0.414161, -0.414161
0.882, 0.413954, -0.413954
0.8825, 0.413747, -0.413747
0.883, 0.41354, -0.41354
0.8835, 0.413334, -0.413334
0.884, 0.413127, -0.413127
0.8845, 0.412921, -0.412921
0.885, 0.412714, -0.412714
0.8855, 0.412508, -0.412508
0.886, 0.412302, -0.412302
0.8865, 0.412096, -0.412096
0.887, 0.41189, -0.41189
0.8875, 0.411684, -0.411684
0.888, 0.411478, -0.411478
0.8885, 0.411272, -0.411272
0.889, 0.411067, -0.411067
0.8895, 0.410861, -0.410861
0.89, 0.410656, -0.410656
0.8905, 0.41045, -0.41045
0.891, 0.410245, -0.410245
0.8915, 0.41004, -0.41004
0.892, 0.409835, -0.409835
0.8925, 0.40963, -0.40963
0.893, 0.409426, -0.409426
0.8935, 0.409221, -0.409221
0.894, 0.409016, -0.409016
0.8945, 0.408812, -0.408812
0.895, 0.408608, -0.408608
0.8955, 0.408403, -0.408403
0.896, 0.408199, -0.408199
0.8965, 0.407995, -0.407995
0.897, 0.407791, -0.407791
0.8975, 0.407587, -0.407587
0.898, 0.407384, -0.407384
0.8985, 0.40718, -0.40718
0.899, 0.406976, -0.406976
0.8995, 0.406773, -0.406773
0.9, 0.40657, -0.40657
0.9005, 0.406366, -0.406366
0.901, 0.406163, -0.406163
0.9015, 0.40596, -0.40596
0.902, 0.405757, -0.405757
0.9025, 0.405555, -0.405555
0.903, 0.405352, -0.405352
0.9035, 0.405149, -0.405149
0.904, 0.404947, -0.404947
0.9045, 0.404744, -0.404744
0.905, 0.404542, -0.404542
0.9055, 0.40434, -0.40434
0.906, 0.404138, -0.404138
0.9065, 0.403936, -0.403936
0.907, 0.403734, -0.403734
0.9075, 0.403532, -0.403532
0.908, 0.40333, -0.40333
0.9085, 0.403128, -0.403128
0.909, 0.402927, -0.402927
0.9095, 0.402726, -0.402726
0.91, 0.402524, -0.402524
0.9105, 0.402323, -0.402323
0.911, 0.402122, -0.402122
0.9115, 0.401921, -0.401921
0.912, 0.40172, -0.40172
0.9125, 0.401519, -0.401519
0.913, 0.401318, -0.401318
0.9135, 0.401118, -0.401118
0.914, 0.400917, -0.400917
0.9145, 0.400717, -0.400717
0.915, 0.400517, -0.400517
0.9155, 0.400316, -0.400316
0.916, 0.400116, -0.400116
0.9165, 0.399916, -0.399916
0.917, 0.399716, -0.399716
0.9175, 0.399517, -0.399517
0.918, 0.399317, -0.399317
0.9185, 0.399117, -0.399117
0.919, 0.398918, -0.398918
0.9195, 0.398718, -0.398718
0.92, 0.398519, -0.398519
0.9205, 0.39832, -0.39832
0.921, 0.398121, -0.398121
0.9215, 0.397922, -0.397922
0.922, 0.397723, -0.397723
0.9225, 0.397524, -0.397524
0.923, 0.397325, -0.397325
0.9235, 0.397127, -0.397127
0.924, 0.396928, -0.396928
0.9245, 0.39673, -0.39673
0.925, 0.396531, -0.396531
0.9255, 0.396333, -0.396333
0.926, 0.396135, -0.396135
0.9265, 0.395937, -0.395937
0.927, 0.395739, -0.395739
0.9275, 0.395541, -0.395541
0.928, 0.395344, -0.395344
0.9285, 0.395146, -0.395146
0.929, 0.394948, -0.394948
0.9295, 0.394751, -0.394751
0.93, 0.394554, -0.394554
0.9305, 0.394356, -0.394356
0.931, 0.394159, -0.394159
0.9315, 0.393962, -0.393962
0.932, 0.393765, -0.393765
0.9325, 0.393569, -0.393569
0.933, 0.393372, -0.393372
0.9335, 0.393175, -0.393175
0.934, 0.392979, -0.392979
0.9345, 0.392782, -0.392782
0.935, 0.392586, -0.392586
0.9355, 0.39239, -0.39239
0.936, 0.392193, -0.392193
0.9365, 0.391997, -0.391997
0.937, 0.391801, -0.391801
0.9375, 0.391606, -0.391606
0.938, 0.39141, -0.39141
0.9385, 0.391214, -0.391214
0.939, 0.391019, -0.391019
0.9395, 0.390823, -0.390823
0.94, 0.390628, -0.390628
0.9405, 0.390433, -0.390433
0.941, 0.390237, -0.390237
0.9415, 0.390042, -0.390042
0.942, 0.389847, -0.389847
0.9425, 0.389652, -0.389652
0.943, 0.389458, -0.389458
0.9435, 0.389263, -0.389263
0.944, 0.389068, -0.389068
0.9445, 0.388874, -0.388874
0.945, 0.38868, -0.38868
0.9455, 0.388485, -0.388485
0.946, 0.388291, -0.388291
0.9465, 0.388097, -0.388097
0.947, 0.387903, -0.387903
0.9475, 0.387709, -0.387709
0.948, 0.387515, -0.387515
0.9485, 0.387322, -0.387322
0.949, 0.387128, -0.387128
0.9495, 0.386934, -0.386934
0.95, 0.386741, -0.386741
0.9505, 0.386548, -0.386548
0.951, 0.386354, -0.386354
0.9515, 0.386161, -0.386161
0.952, 0.385968, -0.385968
0.9525, 0.385775, -0.385775
0.953, 0.385583, -0.385583
0.9535, 0.38539, -0.38539
0.954, 0.385197, -0.385197
0.9545, 0.385005, -0.385005
0.955, 0.384812, -0.384812
0.9555, 0.38462, -0.38462
0.956, 0.384428, -0.384428
0.9565, 0.384235, -0.384235
0.957, 0.384043, -0.384043
0.9575, 0.383851, -0.383851
0.958, 0.383659, -0.383659
0.9585, 0.383468, -0.383468
0.959, 0.383276, -0.383276
0.9595, 0.383084, -0.383084
0.96, 0.382893, -0.382893
0.9605, 0.382701, -0.382701
0.961, 0.38251, -0.38251
0.9615, 0.382319, -0.382319
0.962, 0.382128, -0.382128
0.9625, 0.381937, -0.381937
0.963, 0.381746, -0.381746
0.9635, 0.381555, -0.381555
0.964, 0.381364, -0.381364
0.9645, 0.381174, -0.381174
0.965, 0.380983, -0.380983
0.9655, 0.380793, -0.380793
0.966, 0.380602, -0.380602
0.9665, 0.380412, -0.380412
0.967, 0.380222, -0.380222
0.9675, 0.380032, -0.380032
0.968, 0.379842, -0.379842
0.9685, 0.379652, -0.379652
0.969, 0.379462, -0.379462
0.9695, 0.379273, -0.379273
0.97, 0.379083, -0.379083
0.9705, 0.378894, -0.378894
0.971, 0.378704, -0.378704
0.9715, 0.378515, -0.378515
0.972, 0.378326, -0.378326
0.9725, 0.378137, -0.378137
0.973, 0.377947, -0.377947
0.9735, 0.377759, -0.377759
0.974, 0.37757, -0.37757
0.9745, 0.377381, -0.377381
0.975, 0.377192, -0.377192
0.9755, 0.377004, -0.377004
0.976, 0.376815, -0.376815
0.9765, 0.376627, -0.376627
0.977, 0.376439, -0.376439
0.9775, 0.376251, -0.376251
0.978, 0.376062, -0.376062
0.9785, 0.375874, -0.375874
0.979, 0.375687, -0.375687
0.9795, 0.375499, -0.375499
0.98, 0.375311, -0.375311
0.9805, 0.375123, -0.375123
0.981, 0.374936, -0.374936
0.9815, 0.374749, -0.374749
0.982, 0.374561, -0.374561
0.9825, 0.374374, -0.374374
0.983, 0.374187, -0.374187
0.9835, 0.374, -0.374
0.984, 0.373813, -0.373813
0.9845, 0.373626, -0.373626
0.985, 0.373439, -0.373439
0.9855, 0.373253, -0.373253
0.986, 0.373066, -0.373066
0.9865, 0.372879, -0.372879
0.987, 0.372693, -0.372693
0.9875, 0.372507, -0.372507
0.988, 0.372321, -0.372321
0.9885, 0.372134, -0.372134
0.989, 0.371948, -0.371948
0.9895, 0.371763, -0.371763
0.99, 0.371577, -0.371577
0.9905, 0.371391, -0.371391
0.991, 0.371205, -0.371205
0.9915, 0.37102, -0.37102
0.992, 0.370834, -0.370834
0.9925, 0.370649, -0.370649
0.993, 0.370464, -0.370464
0.9935, 0.370278, -0.370278
0.994, 0.370093, -0.370093
0.9945, 0.369908, -0.369908
0.995, 0.369723, -0.369723
0.9955, 0.369539, -0.369539
0.996, 0.369354, -0.369354
0.9965, 0.369169, -0.369169
0.997, 0.368985, -0.368985
0.9975, 0.3688, -0.3688
0.998, 0.368616, -0.368616
0.9985, 0.368432, -0.368432
0.999, 0.368248, -0.368248
0.9995, 0.368063, -0.368063
1, 0.367879, -0.367879
1, 0.367879, -0.367879
